Tumor_Sample_Barcode	HLA
sample1	HLA-A*02:01,HLA-A*24:02:00,HLA-B*44:02:00,HLA-B*15:01
sample2	HLA-A*01:01,HLA-A*01:01,HLA-B*38:01:00,HLA-B*56:01:00
sample3	HLA-A*02:01,HLA-A*03:01,HLA-B*47:01:00,HLA-B*27:05:00
sample4	HLA-A*02:01,HLA-A*25:01:00,HLA-B*18:01,HLA-B*27:02:00
sample5	HLA-A*66:01:00,HLA-A*23:01,HLA-B*41:02:00,HLA-B*35:01:00
sample6	HLA-A*66:01:00,HLA-A*01:03,HLA-B*08:01,HLA-B*08:01
sample7	HLA-A*01:01,HLA-A*03:01,HLA-B*08:01,HLA-B*35:01:00
sample8	HLA-A*68:01:00,HLA-A*24:02:00,HLA-B*35:03:00,HLA-B*13:02
sample9	HLA-A*01:01,HLA-A*01:01,HLA-B*37:01:00,HLA-B*08:01
sample10	HLA-A*24:02:00,HLA-A*24:02:00,HLA-B*52:01:00,HLA-B*27:05:00
